age,workclass,fnlwgt,education,education-num,marital-status,occupation,relationship,race,sex,capitalgain,capitalloss,hoursperweek,native-country,target
2.0,0.0,77516.0,0.0,13.0,0.0,0.0,0.0,0.0,0.0,1.0,0.0,2.0,0.0,<=50K
3.0,0.0,83311.0,0.0,13.0,0.0,0.0,0.0,0.0,0.0,0.0,0.0,0.0,0.0,<=50K
2.0,0.0,215646.0,0.0,9.0,0.0,0.0,0.0,0.0,0.0,0.0,0.0,2.0,0.0,<=50K
3.0,0.0,234721.0,0.0,7.0,0.0,0.0,0.0,0.0,0.0,0.0,0.0,2.0,0.0,<=50K
1.0,0.0,338409.0,0.0,13.0,0.0,0.0,0.0,0.0,0.0,0.0,0.0,2.0,0.0,<=50K
2.0,0.0,284582.0,0.0,14.0,0.0,0.0,0.0,0.0,0.0,0.0,0.0,2.0,0.0,<=50K
3.0,0.0,160187.0,0.0,5.0,0.0,0.0,0.0,0.0,0.0,0.0,0.0,0.0,0.0,<=50K
3.0,0.0,209642.0,0.0,9.0,0.0,0.0,0.0,0.0,0.0,0.0,0.0,2.0,0.0,>50K
1.0,0.0,45781.0,0.0,14.0,0.0,0.0,0.0,0.0,0.0,4.0,0.0,3.0,0.0,>50K
2.0,0.0,159449.0,0.0,13.0,0.0,0.0,0.0,0.0,0.0,2.0,0.0,2.0,0.0,>50K
2.0,0.0,280464.0,0.0,10.0,0.0,0.0,0.0,0.0,0.0,0.0,0.0,4.0,0.0,>50K
1.0,0.0,141297.0,0.0,13.0,0.0,0.0,0.0,0.0,0.0,0.0,0.0,2.0,0.0,>50K
0.0,0.0,122272.0,0.0,13.0,0.0,0.0,0.0,0.0,0.0,0.0,0.0,1.0,0.0,<=50K
1.0,0.0,205019.0,0.0,12.0,0.0,0.0,0.0,0.0,0.0,0.0,0.0,3.0,0.0,<=50K
2.0,0.0,121772.0,0.0,11.0,0.0,0.0,0.0,0.0,0.0,0.0,0.0,2.0,0.0,>50K
1.0,0.0,245487.0,0.0,4.0,0.0,0.0,0.0,0.0,0.0,0.0,0.0,2.0,0.0,<=50K
0.0,0.0,176756.0,0.0,9.0,0.0,0.0,0.0,0.0,0.0,0.0,0.0,1.0,0.0,<=50K
1.0,0.0,186824.0,0.0,9.0,0.0,0.0,0.0,0.0,0.0,0.0,0.0,2.0,0.0,<=50K
2.0,0.0,28887.0,0.0,7.0,0.0,0.0,0.0,0.0,0.0,0.0,0.0,3.0,0.0,<=50K
2.0,0.0,292175.0,0.0,14.0,0.0,0.0,0.0,0.0,0.0,0.0,0.0,2.0,0.0,>50K
2.0,0.0,193524.0,0.0,16.0,0.0,0.0,0.0,0.0,0.0,0.0,0.0,3.0,0.0,>50K
3.0,0.0,302146.0,0.0,9.0,0.0,0.0,0.0,0.0,0.0,0.0,0.0,0.0,0.0,<=50K
1.0,0.0,76845.0,0.0,5.0,0.0,0.0,0.0,0.0,0.0,0.0,0.0,2.0,0.0,<=50K
2.0,0.0,117037.0,0.0,7.0,0.0,0.0,0.0,0.0,0.0,0.0,3.0,2.0,0.0,<=50K
4.0,0.0,109015.0,0.0,9.0,0.0,0.0,0.0,0.0,0.0,0.0,0.0,2.0,0.0,<=50K
4.0,0.0,216851.0,0.0,13.0,0.0,0.0,0.0,0.0,0.0,0.0,0.0,2.0,0.0,>50K
0.0,0.0,168294.0,0.0,9.0,0.0,0.0,0.0,0.0,0.0,0.0,0.0,2.0,0.0,<=50K
3.0,0.0,180211.0,0.0,10.0,0.0,0.0,0.0,0.0,0.0,0.0,0.0,3.0,0.0,>50K
2.0,0.0,367260.0,0.0,9.0,0.0,0.0,0.0,0.0,0.0,0.0,0.0,4.0,0.0,<=50K
3.0,0.0,193366.0,0.0,9.0,0.0,0.0,0.0,0.0,0.0,0.0,0.0,2.0,0.0,<=50K
0.0,0.0,190709.0,0.0,12.0,0.0,0.0,0.0,0.0,0.0,0.0,0.0,3.0,0.0,<=50K
0.0,0.0,266015.0,0.0,10.0,0.0,0.0,0.0,0.0,0.0,0.0,0.0,2.0,0.0,<=50K
2.0,0.0,386940.0,0.0,13.0,0.0,0.0,0.0,0.0,0.0,0.0,1.0,2.0,0.0,<=50K
1.0,0.0,59951.0,0.0,10.0,0.0,0.0,0.0,0.0,0.0,0.0,0.0,2.0,0.0,<=50K
0.0,0.0,311512.0,0.0,10.0,0.0,0.0,0.0,0.0,0.0,0.0,0.0,0.0,0.0,<=50K
3.0,0.0,242406.0,0.0,7.0,0.0,0.0,0.0,0.0,0.0,0.0,0.0,2.0,0.0,<=50K
0.0,0.0,197200.0,0.0,10.0,0.0,0.0,0.0,0.0,0.0,0.0,0.0,2.0,0.0,<=50K
0.0,0.0,544091.0,0.0,9.0,0.0,0.0,0.0,0.0,0.0,0.0,0.0,1.0,0.0,<=50K
1.0,0.0,84154.0,0.0,10.0,0.0,0.0,0.0,0.0,0.0,0.0,0.0,2.0,0.0,>50K
3.0,0.0,265477.0,0.0,12.0,0.0,0.0,0.0,0.0,0.0,0.0,0.0,2.0,0.0,<=50K
1.0,0.0,507875.0,0.0,5.0,0.0,0.0,0.0,0.0,0.0,0.0,0.0,2.0,0.0,<=50K
3.0,0.0,88506.0,0.0,13.0,0.0,0.0,0.0,0.0,0.0,0.0,0.0,2.0,0.0,<=50K
0.0,0.0,172987.0,0.0,13.0,0.0,0.0,0.0,0.0,0.0,0.0,0.0,3.0,0.0,<=50K
3.0,0.0,94638.0,0.0,9.0,0.0,0.0,0.0,0.0,0.0,0.0,0.0,2.0,0.0,<=50K
0.0,0.0,289980.0,0.0,9.0,0.0,0.0,0.0,0.0,0.0,0.0,0.0,1.0,0.0,<=50K
4.0,0.0,337895.0,0.0,13.0,0.0,0.0,0.0,0.0,0.0,0.0,0.0,2.0,0.0,>50K
3.0,0.0,144361.0,0.0,9.0,0.0,0.0,0.0,0.0,0.0,0.0,0.0,2.0,0.0,<=50K
2.0,0.0,128354.0,0.0,14.0,0.0,0.0,0.0,0.0,0.0,0.0,0.0,2.0,0.0,<=50K
2.0,0.0,101603.0,0.0,11.0,0.0,0.0,0.0,0.0,0.0,0.0,0.0,2.0,0.0,<=50K
1.0,0.0,271466.0,0.0,11.0,0.0,0.0,0.0,0.0,0.0,0.0,0.0,2.0,0.0,<=50K
0.0,0.0,32275.0,0.0,10.0,0.0,0.0,0.0,0.0,0.0,0.0,0.0,2.0,0.0,<=50K
0.0,0.0,226956.0,0.0,9.0,0.0,0.0,0.0,0.0,0.0,0.0,0.0,1.0,0.0,<=50K
3.0,0.0,51835.0,0.0,15.0,0.0,0.0,0.0,0.0,0.0,0.0,3.0,3.0,0.0,>50K
3.0,0.0,251585.0,0.0,13.0,0.0,0.0,0.0,0.0,0.0,0.0,0.0,3.0,0.0,>50K
3.0,0.0,109832.0,0.0,9.0,0.0,0.0,0.0,0.0,0.0,0.0,0.0,3.0,0.0,<=50K
2.0,0.0,237993.0,0.0,10.0,0.0,0.0,0.0,0.0,0.0,0.0,0.0,2.0,0.0,>50K
3.0,0.0,216666.0,0.0,3.0,0.0,0.0,0.0,0.0,0.0,0.0,0.0,2.0,0.0,<=50K
1.0,0.0,56352.0,0.0,11.0,0.0,0.0,0.0,0.0,0.0,0.0,0.0,2.0,0.0,<=50K
2.0,0.0,147372.0,0.0,9.0,0.0,0.0,0.0,0.0,0.0,0.0,0.0,3.0,0.0,<=50K
1.0,0.0,188146.0,0.0,9.0,0.0,0.0,0.0,0.0,0.0,2.0,0.0,2.0,0.0,<=50K
1.0,0.0,59496.0,0.0,13.0,0.0,0.0,0.0,0.0,0.0,1.0,0.0,2.0,0.0,<=50K
1.0,0.0,293936.0,0.0,4.0,0.0,0.0,0.0,0.0,0.0,0.0,0.0,2.0,0.0,<=50K
3.0,0.0,149640.0,0.0,9.0,0.0,0.0,0.0,0.0,0.0,0.0,0.0,2.0,0.0,<=50K
2.0,0.0,116632.0,0.0,16.0,0.0,0.0,0.0,0.0,0.0,0.0,0.0,2.0,0.0,>50K
1.0,0.0,105598.0,0.0,10.0,0.0,0.0,0.0,0.0,0.0,0.0,0.0,3.0,0.0,<=50K
2.0,0.0,155537.0,0.0,9.0,0.0,0.0,0.0,0.0,0.0,0.0,0.0,2.0,0.0,<=50K
1.0,0.0,183175.0,0.0,10.0,0.0,0.0,0.0,0.0,0.0,0.0,0.0,2.0,0.0,<=50K
3.0,0.0,169846.0,0.0,9.0,0.0,0.0,0.0,0.0,0.0,0.0,0.0,2.0,0.0,>50K
3.0,0.0,191681.0,0.0,10.0,0.0,0.0,0.0,0.0,0.0,0.0,0.0,3.0,0.0,>50K
0.0,0.0,200681.0,0.0,10.0,0.0,0.0,0.0,0.0,0.0,0.0,0.0,2.0,0.0,<=50K
0.0,0.0,101509.0,0.0,10.0,0.0,0.0,0.0,0.0,0.0,0.0,0.0,1.0,0.0,<=50K
1.0,0.0,309974.0,0.0,13.0,0.0,0.0,0.0,0.0,0.0,0.0,0.0,2.0,0.0,<=50K
1.0,0.0,162298.0,0.0,13.0,0.0,0.0,0.0,0.0,0.0,0.0,0.0,4.0,0.0,>50K
0.0,0.0,211678.0,0.0,10.0,0.0,0.0,0.0,0.0,0.0,0.0,0.0,2.0,0.0,<=50K
4.0,0.0,124744.0,0.0,10.0,0.0,0.0,0.0,0.0,0.0,0.0,0.0,0.0,0.0,<=50K
1.0,0.0,213921.0,0.0,9.0,0.0,0.0,0.0,0.0,0.0,0.0,0.0,2.0,0.0,<=50K
2.0,0.0,32214.0,0.0,12.0,0.0,0.0,0.0,0.0,0.0,0.0,0.0,2.0,0.0,<=50K
4.0,0.0,212759.0,0.0,6.0,0.0,0.0,0.0,0.0,0.0,0.0,0.0,0.0,0.0,<=50K
0.0,0.0,309634.0,0.0,7.0,0.0,0.0,0.0,0.0,0.0,0.0,0.0,1.0,0.0,<=50K
1.0,0.0,125927.0,0.0,4.0,0.0,0.0,0.0,0.0,0.0,0.0,0.0,2.0,0.0,<=50K
0.0,0.0,446839.0,0.0,9.0,0.0,0.0,0.0,0.0,0.0,0.0,0.0,1.0,0.0,<=50K
3.0,0.0,276515.0,0.0,13.0,0.0,0.0,0.0,0.0,0.0,0.0,0.0,2.0,0.0,<=50K
3.0,0.0,51618.0,0.0,9.0,0.0,0.0,0.0,0.0,0.0,0.0,0.0,2.0,0.0,<=50K
4.0,0.0,159937.0,0.0,9.0,0.0,0.0,0.0,0.0,0.0,0.0,0.0,3.0,0.0,<=50K
2.0,0.0,343591.0,0.0,9.0,0.0,0.0,0.0,0.0,0.0,4.0,0.0,2.0,0.0,>50K
3.0,0.0,346253.0,0.0,9.0,0.0,0.0,0.0,0.0,0.0,0.0,0.0,1.0,0.0,<=50K
3.0,0.0,268234.0,0.0,9.0,0.0,0.0,0.0,0.0,0.0,0.0,0.0,2.0,0.0,>50K
1.0,0.0,202051.0,0.0,14.0,0.0,0.0,0.0,0.0,0.0,0.0,0.0,3.0,0.0,<=50K
1.0,0.0,54334.0,0.0,5.0,0.0,0.0,0.0,0.0,0.0,0.0,0.0,2.0,0.0,<=50K
2.0,0.0,410867.0,0.0,16.0,0.0,0.0,0.0,0.0,0.0,0.0,0.0,3.0,0.0,>50K
4.0,0.0,249977.0,0.0,11.0,0.0,0.0,0.0,0.0,0.0,0.0,0.0,2.0,0.0,<=50K
2.0,0.0,286730.0,0.0,10.0,0.0,0.0,0.0,0.0,0.0,0.0,0.0,2.0,0.0,<=50K
1.0,0.0,212563.0,0.0,10.0,0.0,0.0,0.0,0.0,0.0,0.0,0.0,1.0,0.0,<=50K
1.0,0.0,117747.0,0.0,9.0,0.0,0.0,0.0,0.0,0.0,0.0,1.0,1.0,0.0,<=50K
1.0,0.0,226296.0,0.0,13.0,0.0,0.0,0.0,0.0,0.0,0.0,0.0,2.0,0.0,>50K
1.0,0.0,115585.0,0.0,10.0,0.0,0.0,0.0,0.0,0.0,0.0,0.0,3.0,0.0,<=50K
3.0,0.0,191277.0,0.0,16.0,0.0,0.0,0.0,0.0,0.0,0.0,3.0,3.0,0.0,>50K
2.0,0.0,202683.0,0.0,10.0,0.0,0.0,0.0,0.0,0.0,0.0,0.0,3.0,0.0,>50K
3.0,0.0,171095.0,0.0,12.0,0.0,0.0,0.0,0.0,0.0,0.0,0.0,2.0,0.0,<=50K
1.0,0.0,249409.0,0.0,9.0,0.0,0.0,0.0,0.0,0.0,0.0,0.0,2.0,0.0,<=50K
4.0,0.0,124191.0,0.0,14.0,0.0,0.0,0.0,0.0,0.0,0.0,0.0,2.0,0.0,>50K
2.0,0.0,198282.0,0.0,13.0,0.0,0.0,0.0,0.0,0.0,4.0,0.0,3.0,0.0,>50K
3.0,0.0,149116.0,0.0,14.0,0.0,0.0,0.0,0.0,0.0,0.0,0.0,3.0,0.0,<=50K
0.0,0.0,188300.0,0.0,10.0,0.0,0.0,0.0,0.0,0.0,0.0,0.0,2.0,0.0,<=50K
1.0,0.0,103432.0,0.0,9.0,0.0,0.0,0.0,0.0,0.0,0.0,0.0,2.0,0.0,<=50K
1.0,0.0,317660.0,0.0,9.0,0.0,0.0,0.0,0.0,0.0,3.0,0.0,2.0,0.0,>50K
0.0,0.0,304873.0,0.0,6.0,0.0,0.0,0.0,0.0,0.0,4.0,0.0,1.0,0.0,<=50K
1.0,0.0,194901.0,0.0,7.0,0.0,0.0,0.0,0.0,0.0,0.0,0.0,2.0,0.0,<=50K
1.0,0.0,189265.0,0.0,9.0,0.0,0.0,0.0,0.0,0.0,0.0,0.0,2.0,0.0,<=50K
2.0,0.0,124692.0,0.0,9.0,0.0,0.0,0.0,0.0,0.0,0.0,0.0,2.0,0.0,<=50K
0.0,0.0,432376.0,0.0,13.0,0.0,0.0,0.0,0.0,0.0,0.0,0.0,2.0,0.0,<=50K
2.0,0.0,65324.0,0.0,15.0,0.0,0.0,0.0,0.0,0.0,0.0,0.0,2.0,0.0,>50K
4.0,0.0,335605.0,0.0,9.0,0.0,0.0,0.0,0.0,0.0,0.0,2.0,3.0,0.0,>50K
1.0,0.0,377869.0,0.0,10.0,0.0,0.0,0.0,0.0,0.0,2.0,0.0,1.0,0.0,<=50K
2.0,0.0,102864.0,0.0,9.0,0.0,0.0,0.0,0.0,0.0,0.0,0.0,2.0,0.0,<=50K
3.0,0.0,95647.0,0.0,5.0,0.0,0.0,0.0,0.0,0.0,0.0,0.0,3.0,0.0,<=50K
4.0,0.0,303090.0,0.0,10.0,0.0,0.0,0.0,0.0,0.0,0.0,0.0,3.0,0.0,<=50K
3.0,0.0,197371.0,0.0,11.0,0.0,0.0,0.0,0.0,0.0,0.0,0.0,2.0,0.0,>50K
3.0,0.0,247552.0,0.0,10.0,0.0,0.0,0.0,0.0,0.0,0.0,0.0,3.0,0.0,<=50K
0.0,0.0,102632.0,0.0,9.0,0.0,0.0,0.0,0.0,0.0,0.0,0.0,2.0,0.0,<=50K
0.0,0.0,199915.0,0.0,10.0,0.0,0.0,0.0,0.0,0.0,0.0,0.0,2.0,0.0,<=50K
2.0,0.0,118853.0,0.0,13.0,0.0,0.0,0.0,0.0,0.0,0.0,0.0,3.0,0.0,<=50K
1.0,0.0,77143.0,0.0,13.0,0.0,0.0,0.0,0.0,0.0,0.0,0.0,2.0,0.0,<=50K
1.0,0.0,267989.0,0.0,13.0,0.0,0.0,0.0,0.0,0.0,0.0,0.0,3.0,0.0,>50K
0.0,0.0,301606.0,0.0,10.0,0.0,0.0,0.0,0.0,0.0,0.0,0.0,1.0,0.0,<=50K
3.0,0.0,287828.0,0.0,13.0,0.0,0.0,0.0,0.0,0.0,0.0,0.0,2.0,0.0,>50K
0.0,0.0,111697.0,0.0,10.0,0.0,0.0,0.0,0.0,0.0,0.0,2.0,1.0,0.0,<=50K
1.0,0.0,114937.0,0.0,12.0,0.0,0.0,0.0,0.0,0.0,0.0,0.0,2.0,0.0,>50K
1.0,0.0,129305.0,0.0,9.0,0.0,0.0,0.0,0.0,0.0,0.0,0.0,2.0,0.0,<=50K
2.0,0.0,365739.0,0.0,10.0,0.0,0.0,0.0,0.0,0.0,0.0,0.0,2.0,0.0,<=50K
1.0,0.0,69621.0,0.0,12.0,0.0,0.0,0.0,0.0,0.0,0.0,0.0,3.0,0.0,<=50K
0.0,0.0,43323.0,0.0,9.0,0.0,0.0,0.0,0.0,0.0,0.0,2.0,2.0,0.0,<=50K
2.0,0.0,120985.0,0.0,9.0,0.0,0.0,0.0,0.0,0.0,2.0,0.0,1.0,0.0,<=50K
2.0,0.0,254202.0,0.0,13.0,0.0,0.0,0.0,0.0,0.0,0.0,0.0,3.0,0.0,<=50K
3.0,0.0,146195.0,0.0,12.0,0.0,0.0,0.0,0.0,0.0,0.0,0.0,2.0,0.0,<=50K
2.0,0.0,125933.0,0.0,14.0,0.0,0.0,0.0,0.0,0.0,0.0,0.0,2.0,0.0,>50K
2.0,0.0,56920.0,0.0,9.0,0.0,0.0,0.0,0.0,0.0,0.0,0.0,3.0,0.0,<=50K
1.0,0.0,163127.0,0.0,11.0,0.0,0.0,0.0,0.0,0.0,0.0,0.0,1.0,0.0,<=50K
0.0,0.0,34310.0,0.0,10.0,0.0,0.0,0.0,0.0,0.0,0.0,0.0,0.0,0.0,<=50K
3.0,0.0,81973.0,0.0,10.0,0.0,0.0,0.0,0.0,0.0,0.0,0.0,2.0,0.0,>50K
4.0,0.0,66614.0,0.0,9.0,0.0,0.0,0.0,0.0,0.0,0.0,0.0,2.0,0.0,<=50K
1.0,0.0,232782.0,0.0,10.0,0.0,0.0,0.0,0.0,0.0,0.0,0.0,2.0,0.0,<=50K
0.0,0.0,316868.0,0.0,10.0,0.0,0.0,0.0,0.0,0.0,0.0,0.0,1.0,0.0,<=50K
2.0,0.0,196584.0,0.0,11.0,0.0,0.0,0.0,0.0,0.0,0.0,1.0,2.0,0.0,>50K
4.0,0.0,105376.0,0.0,10.0,0.0,0.0,0.0,0.0,0.0,0.0,0.0,2.0,0.0,<=50K
1.0,0.0,185814.0,0.0,9.0,0.0,0.0,0.0,0.0,0.0,0.0,0.0,1.0,0.0,<=50K
0.0,0.0,175374.0,0.0,10.0,0.0,0.0,0.0,0.0,0.0,0.0,0.0,1.0,0.0,<=50K
2.0,0.0,108293.0,0.0,9.0,0.0,0.0,0.0,0.0,0.0,0.0,0.0,1.0,0.0,<=50K
4.0,0.0,181232.0,0.0,7.0,0.0,0.0,0.0,0.0,0.0,0.0,3.0,2.0,0.0,<=50K
2.0,0.0,174662.0,0.0,10.0,0.0,0.0,0.0,0.0,0.0,0.0,0.0,2.0,0.0,<=50K
3.0,0.0,186009.0,0.0,10.0,0.0,0.0,0.0,0.0,0.0,0.0,0.0,2.0,0.0,<=50K
1.0,0.0,198183.0,0.0,9.0,0.0,0.0,0.0,0.0,0.0,0.0,0.0,2.0,0.0,<=50K
1.0,0.0,163003.0,0.0,13.0,0.0,0.0,0.0,0.0,0.0,0.0,0.0,2.0,0.0,<=50K
0.0,0.0,296158.0,0.0,9.0,0.0,0.0,0.0,0.0,0.0,0.0,0.0,1.0,0.0,<=50K
3.0,0.0,252903.0,0.0,9.0,0.0,0.0,0.0,0.0,0.0,0.0,0.0,2.0,0.0,>50K
3.0,0.0,187715.0,0.0,9.0,0.0,0.0,0.0,0.0,0.0,0.0,0.0,3.0,0.0,<=50K
0.0,0.0,214542.0,0.0,13.0,0.0,0.0,0.0,0.0,0.0,0.0,0.0,2.0,0.0,<=50K
4.0,0.0,494223.0,0.0,10.0,0.0,0.0,0.0,0.0,0.0,0.0,2.0,0.0,0.0,<=50K
1.0,0.0,191535.0,0.0,9.0,0.0,0.0,0.0,0.0,0.0,0.0,0.0,3.0,0.0,<=50K
2.0,0.0,228456.0,0.0,13.0,0.0,0.0,0.0,0.0,0.0,0.0,0.0,3.0,0.0,<=50K
4.0,0.0,38317.0,0.0,2.0,0.0,0.0,0.0,0.0,0.0,0.0,0.0,0.0,0.0,<=50K
0.0,0.0,252752.0,0.0,9.0,0.0,0.0,0.0,0.0,0.0,0.0,0.0,2.0,0.0,<=50K
2.0,0.0,78374.0,0.0,14.0,0.0,0.0,0.0,0.0,0.0,0.0,0.0,2.0,0.0,<=50K
1.0,0.0,88419.0,0.0,9.0,0.0,0.0,0.0,0.0,0.0,0.0,0.0,2.0,0.0,<=50K
2.0,0.0,201080.0,0.0,14.0,0.0,0.0,0.0,0.0,0.0,0.0,0.0,2.0,0.0,>50K
2.0,0.0,207157.0,0.0,10.0,0.0,0.0,0.0,0.0,0.0,0.0,0.0,2.0,0.0,<=50K
2.0,0.0,235485.0,0.0,12.0,0.0,0.0,0.0,0.0,0.0,0.0,0.0,2.0,0.0,<=50K
3.0,0.0,102628.0,0.0,14.0,0.0,0.0,0.0,0.0,0.0,0.0,0.0,2.0,0.0,<=50K
0.0,0.0,25828.0,0.0,7.0,0.0,0.0,0.0,0.0,0.0,0.0,0.0,0.0,0.0,<=50K
4.0,0.0,54826.0,0.0,11.0,0.0,0.0,0.0,0.0,0.0,0.0,0.0,0.0,0.0,<=50K
1.0,0.0,124953.0,0.0,9.0,0.0,0.0,0.0,0.0,0.0,0.0,3.0,2.0,0.0,<=50K
1.0,0.0,175325.0,0.0,9.0,0.0,0.0,0.0,0.0,0.0,0.0,0.0,2.0,0.0,<=50K
3.0,0.0,96062.0,0.0,10.0,0.0,0.0,0.0,0.0,0.0,0.0,3.0,2.0,0.0,>50K
1.0,0.0,428030.0,0.0,13.0,0.0,0.0,0.0,0.0,0.0,0.0,0.0,3.0,0.0,<=50K
1.0,0.0,149624.0,0.0,13.0,0.0,0.0,0.0,0.0,0.0,0.0,0.0,2.0,0.0,>50K
1.0,0.0,253814.0,0.0,9.0,0.0,0.0,0.0,0.0,0.0,0.0,0.0,1.0,0.0,<=50K
0.0,0.0,312956.0,0.0,9.0,0.0,0.0,0.0,0.0,0.0,0.0,0.0,2.0,0.0,<=50K
1.0,0.0,483777.0,0.0,9.0,0.0,0.0,0.0,0.0,0.0,0.0,0.0,2.0,0.0,<=50K
0.0,0.0,183930.0,0.0,9.0,0.0,0.0,0.0,0.0,0.0,0.0,0.0,0.0,0.0,<=50K
1.0,0.0,37274.0,0.0,13.0,0.0,0.0,0.0,0.0,0.0,0.0,0.0,4.0,0.0,<=50K
2.0,0.0,181344.0,0.0,10.0,0.0,0.0,0.0,0.0,0.0,0.0,0.0,2.0,0.0,>50K
2.0,0.0,114580.0,0.0,10.0,0.0,0.0,0.0,0.0,0.0,0.0,0.0,2.0,0.0,<=50K
1.0,0.0,633742.0,0.0,10.0,0.0,0.0,0.0,0.0,0.0,0.0,0.0,2.0,0.0,<=50K
2.0,0.0,286370.0,0.0,4.0,0.0,0.0,0.0,0.0,0.0,0.0,0.0,2.0,0.0,>50K
2.0,0.0,29054.0,0.0,10.0,0.0,0.0,0.0,0.0,0.0,0.0,0.0,2.0,0.0,>50K
1.0,0.0,304030.0,0.0,9.0,0.0,0.0,0.0,0.0,0.0,0.0,0.0,2.0,0.0,<=50K
2.0,0.0,143129.0,0.0,13.0,0.0,0.0,0.0,0.0,0.0,0.0,0.0,2.0,0.0,<=50K
3.0,0.0,135105.0,0.0,13.0,0.0,0.0,0.0,0.0,0.0,0.0,0.0,3.0,0.0,<=50K
1.0,0.0,99928.0,0.0,14.0,0.0,0.0,0.0,0.0,0.0,0.0,0.0,3.0,0.0,<=50K
4.0,0.0,109567.0,0.0,16.0,0.0,0.0,0.0,0.0,0.0,0.0,0.0,0.0,0.0,>50K
2.0,0.0,155222.0,0.0,10.0,0.0,0.0,0.0,0.0,0.0,0.0,0.0,1.0,0.0,<=50K
0.0,0.0,159567.0,0.0,10.0,0.0,0.0,0.0,0.0,0.0,0.0,0.0,2.0,0.0,<=50K
2.0,0.0,523910.0,0.0,13.0,0.0,0.0,0.0,0.0,0.0,0.0,0.0,2.0,0.0,<=50K
3.0,0.0,120939.0,0.0,10.0,0.0,0.0,0.0,0.0,0.0,0.0,0.0,2.0,0.0,<=50K
2.0,0.0,130760.0,0.0,13.0,0.0,0.0,0.0,0.0,0.0,0.0,0.0,1.0,0.0,<=50K
0.0,0.0,197387.0,0.0,3.0,0.0,0.0,0.0,0.0,0.0,0.0,0.0,2.0,0.0,<=50K
2.0,0.0,99374.0,0.0,10.0,0.0,0.0,0.0,0.0,0.0,0.0,0.0,2.0,0.0,<=50K
2.0,0.0,56795.0,0.0,14.0,0.0,0.0,0.0,0.0,0.0,4.0,0.0,3.0,0.0,>50K
1.0,0.0,138992.0,0.0,14.0,0.0,0.0,0.0,0.0,0.0,2.0,0.0,2.0,0.0,>50K
0.0,0.0,32921.0,0.0,9.0,0.0,0.0,0.0,0.0,0.0,0.0,0.0,2.0,0.0,<=50K
1.0,0.0,397317.0,0.0,14.0,0.0,0.0,0.0,0.0,0.0,0.0,2.0,2.0,0.0,<=50K
0.0,0.0,170653.0,0.0,9.0,0.0,0.0,0.0,0.0,0.0,0.0,0.0,2.0,0.0,<=50K
3.0,0.0,259323.0,0.0,13.0,0.0,0.0,0.0,0.0,0.0,0.0,0.0,3.0,0.0,>50K
2.0,0.0,254817.0,0.0,10.0,0.0,0.0,0.0,0.0,0.0,0.0,1.0,2.0,0.0,<=50K
2.0,0.0,48211.0,0.0,9.0,0.0,0.0,0.0,0.0,0.0,0.0,0.0,1.0,0.0,<=50K
0.0,0.0,140164.0,0.0,7.0,0.0,0.0,0.0,0.0,0.0,0.0,0.0,2.0,0.0,<=50K
2.0,0.0,128757.0,0.0,13.0,0.0,0.0,0.0,0.0,0.0,2.0,0.0,2.0,0.0,>50K
1.0,0.0,36270.0,0.0,9.0,0.0,0.0,0.0,0.0,0.0,0.0,0.0,3.0,0.0,<=50K
4.0,0.0,210563.0,0.0,9.0,0.0,0.0,0.0,0.0,0.0,4.0,0.0,1.0,0.0,>50K
0.0,0.0,65368.0,0.0,7.0,0.0,0.0,0.0,0.0,0.0,0.0,0.0,0.0,0.0,<=50K
2.0,0.0,160943.0,0.0,9.0,0.0,0.0,0.0,0.0,0.0,0.0,0.0,2.0,0.0,<=50K
2.0,0.0,208358.0,0.0,9.0,0.0,0.0,0.0,0.0,0.0,0.0,0.0,2.0,0.0,>50K
1.0,0.0,153790.0,0.0,10.0,0.0,0.0,0.0,0.0,0.0,0.0,0.0,2.0,0.0,<=50K
4.0,0.0,85815.0,0.0,9.0,0.0,0.0,0.0,0.0,0.0,0.0,0.0,2.0,0.0,<=50K
3.0,0.0,125417.0,0.0,4.0,0.0,0.0,0.0,0.0,0.0,0.0,0.0,2.0,0.0,>50K
2.0,0.0,635913.0,0.0,13.0,0.0,0.0,0.0,0.0,0.0,0.0,0.0,3.0,0.0,>50K
3.0,0.0,313321.0,0.0,12.0,0.0,0.0,0.0,0.0,0.0,0.0,0.0,2.0,0.0,<=50K
2.0,0.0,182609.0,0.0,13.0,0.0,0.0,0.0,0.0,0.0,0.0,0.0,3.0,0.0,<=50K
2.0,0.0,109434.0,0.0,13.0,0.0,0.0,0.0,0.0,0.0,0.0,0.0,3.0,0.0,<=50K
0.0,0.0,255004.0,0.0,6.0,0.0,0.0,0.0,0.0,0.0,0.0,0.0,2.0,0.0,<=50K
1.0,0.0,197860.0,0.0,10.0,0.0,0.0,0.0,0.0,0.0,0.0,0.0,2.0,0.0,<=50K
4.0,0.0,187656.0,0.0,2.0,0.0,0.0,0.0,0.0,0.0,0.0,0.0,2.0,0.0,<=50K
4.0,0.0,51744.0,0.0,9.0,0.0,0.0,0.0,0.0,0.0,0.0,4.0,2.0,0.0,<=50K
3.0,0.0,176681.0,0.0,9.0,0.0,0.0,0.0,0.0,0.0,0.0,0.0,0.0,0.0,<=50K
3.0,0.0,140359.0,0.0,1.0,0.0,0.0,0.0,0.0,0.0,0.0,0.0,1.0,0.0,<=50K
0.0,0.0,243313.0,0.0,9.0,0.0,0.0,0.0,0.0,0.0,0.0,0.0,2.0,0.0,<=50K
4.0,0.0,24215.0,0.0,6.0,0.0,0.0,0.0,0.0,0.0,0.0,0.0,0.0,0.0,<=50K
4.0,0.0,167687.0,0.0,9.0,0.0,0.0,0.0,0.0,0.0,1.0,0.0,3.0,0.0,<=50K
4.0,0.0,314209.0,0.0,11.0,0.0,0.0,0.0,0.0,0.0,0.0,0.0,0.0,0.0,<=50K
4.0,0.0,176796.0,0.0,9.0,0.0,0.0,0.0,0.0,0.0,0.0,0.0,2.0,0.0,<=50K
1.0,0.0,538583.0,0.0,7.0,0.0,0.0,0.0,0.0,0.0,2.0,0.0,2.0,0.0,<=50K
2.0,0.0,130408.0,0.0,9.0,0.0,0.0,0.0,0.0,0.0,0.0,0.0,2.0,0.0,<=50K
0.0,0.0,159732.0,0.0,10.0,0.0,0.0,0.0,0.0,0.0,0.0,0.0,2.0,0.0,<=50K
1.0,0.0,110978.0,0.0,10.0,0.0,0.0,0.0,0.0,0.0,0.0,0.0,2.0,0.0,<=50K
1.0,0.0,76714.0,0.0,15.0,0.0,0.0,0.0,0.0,0.0,0.0,0.0,3.0,0.0,>50K
4.0,0.0,268700.0,0.0,9.0,0.0,0.0,0.0,0.0,0.0,0.0,0.0,2.0,0.0,<=50K
2.0,0.0,170525.0,0.0,10.0,0.0,0.0,0.0,0.0,0.0,0.0,0.0,2.0,0.0,<=50K
2.0,0.0,180138.0,0.0,13.0,0.0,0.0,0.0,0.0,0.0,0.0,0.0,3.0,0.0,>50K
2.0,0.0,115076.0,0.0,14.0,0.0,0.0,0.0,0.0,0.0,0.0,0.0,4.0,0.0,>50K
0.0,0.0,115458.0,0.0,9.0,0.0,0.0,0.0,0.0,0.0,0.0,0.0,2.0,0.0,<=50K
2.0,0.0,347890.0,0.0,13.0,0.0,0.0,0.0,0.0,0.0,0.0,0.0,2.0,0.0,>50K
2.0,0.0,196001.0,0.0,9.0,0.0,0.0,0.0,0.0,0.0,0.0,0.0,0.0,0.0,<=50K
0.0,0.0,273905.0,0.0,12.0,0.0,0.0,0.0,0.0,0.0,0.0,0.0,3.0,0.0,<=50K
0.0,0.0,119156.0,0.0,10.0,0.0,0.0,0.0,0.0,0.0,0.0,0.0,0.0,0.0,<=50K
2.0,0.0,179488.0,0.0,10.0,0.0,0.0,0.0,0.0,0.0,0.0,2.0,2.0,0.0,<=50K
4.0,0.0,203580.0,0.0,9.0,0.0,0.0,0.0,0.0,0.0,0.0,0.0,1.0,0.0,<=50K
4.0,0.0,236596.0,0.0,9.0,0.0,0.0,0.0,0.0,0.0,0.0,0.0,2.0,0.0,>50K
1.0,0.0,183916.0,0.0,9.0,0.0,0.0,0.0,0.0,0.0,0.0,0.0,1.0,0.0,<=50K
2.0,0.0,207578.0,0.0,12.0,0.0,0.0,0.0,0.0,0.0,0.0,3.0,3.0,0.0,>50K
2.0,0.0,153141.0,0.0,9.0,0.0,0.0,0.0,0.0,0.0,0.0,0.0,2.0,0.0,<=50K
2.0,0.0,112763.0,0.0,15.0,0.0,0.0,0.0,0.0,0.0,0.0,0.0,2.0,0.0,>50K
2.0,0.0,390781.0,0.0,13.0,0.0,0.0,0.0,0.0,0.0,0.0,0.0,2.0,0.0,<=50K
4.0,0.0,171328.0,0.0,6.0,0.0,0.0,0.0,0.0,0.0,0.0,0.0,1.0,0.0,<=50K
0.0,0.0,27382.0,0.0,10.0,0.0,0.0,0.0,0.0,0.0,0.0,0.0,2.0,0.0,<=50K
4.0,0.0,259014.0,0.0,10.0,0.0,0.0,0.0,0.0,0.0,0.0,0.0,0.0,0.0,<=50K
2.0,0.0,303044.0,0.0,9.0,0.0,0.0,0.0,0.0,0.0,0.0,0.0,2.0,0.0,>50K
0.0,0.0,117789.0,0.0,9.0,0.0,0.0,0.0,0.0,0.0,0.0,0.0,2.0,0.0,<=50K
1.0,0.0,172579.0,0.0,9.0,0.0,0.0,0.0,0.0,0.0,0.0,0.0,1.0,0.0,<=50K
2.0,0.0,187666.0,0.0,11.0,0.0,0.0,0.0,0.0,0.0,0.0,0.0,2.0,0.0,<=50K
3.0,0.0,204518.0,0.0,4.0,0.0,0.0,0.0,0.0,0.0,0.0,0.0,2.0,0.0,<=50K
2.0,0.0,150042.0,0.0,13.0,0.0,0.0,0.0,0.0,0.0,0.0,0.0,2.0,0.0,<=50K
2.0,0.0,98092.0,0.0,9.0,0.0,0.0,0.0,0.0,0.0,0.0,0.0,3.0,0.0,<=50K
0.0,0.0,245918.0,0.0,7.0,0.0,0.0,0.0,0.0,0.0,0.0,0.0,0.0,0.0,<=50K
4.0,0.0,146013.0,0.0,10.0,0.0,0.0,0.0,0.0,0.0,2.0,0.0,2.0,0.0,<=50K
1.0,0.0,378322.0,0.0,7.0,0.0,0.0,0.0,0.0,0.0,0.0,0.0,2.0,0.0,<=50K
2.0,0.0,257295.0,0.0,10.0,0.0,0.0,0.0,0.0,0.0,0.0,0.0,4.0,0.0,>50K
0.0,0.0,218956.0,0.0,10.0,0.0,0.0,0.0,0.0,0.0,0.0,0.0,1.0,0.0,<=50K
4.0,0.0,21174.0,0.0,9.0,0.0,0.0,0.0,0.0,0.0,0.0,0.0,2.0,0.0,>50K
1.0,0.0,185480.0,0.0,13.0,0.0,0.0,0.0,0.0,0.0,0.0,0.0,2.0,0.0,<=50K
1.0,0.0,222205.0,0.0,9.0,0.0,0.0,0.0,0.0,0.0,0.0,0.0,2.0,0.0,>50K
4.0,0.0,69867.0,0.0,9.0,0.0,0.0,0.0,0.0,0.0,0.0,0.0,2.0,0.0,>50K
0.0,0.0,191260.0,0.0,5.0,0.0,0.0,0.0,0.0,0.0,1.0,0.0,1.0,0.0,<=50K
3.0,0.0,30653.0,0.0,14.0,0.0,0.0,0.0,0.0,0.0,1.0,0.0,4.0,0.0,<=50K
1.0,0.0,209109.0,0.0,14.0,0.0,0.0,0.0,0.0,0.0,0.0,0.0,1.0,0.0,<=50K
1.0,0.0,70377.0,0.0,9.0,0.0,0.0,0.0,0.0,0.0,0.0,0.0,2.0,0.0,<=50K
2.0,0.0,477983.0,0.0,9.0,0.0,0.0,0.0,0.0,0.0,0.0,0.0,2.0,0.0,<=50K
2.0,0.0,170924.0,0.0,10.0,0.0,0.0,0.0,0.0,0.0,2.0,0.0,2.0,0.0,>50K
1.0,0.0,190174.0,0.0,10.0,0.0,0.0,0.0,0.0,0.0,0.0,0.0,2.0,0.0,<=50K
0.0,0.0,193787.0,0.0,10.0,0.0,0.0,0.0,0.0,0.0,0.0,0.0,2.0,0.0,<=50K
0.0,0.0,279472.0,0.0,10.0,0.0,0.0,0.0,0.0,0.0,2.0,0.0,3.0,0.0,>50K
0.0,0.0,34918.0,0.0,13.0,0.0,0.0,0.0,0.0,0.0,0.0,0.0,0.0,0.0,<=50K
2.0,0.0,97688.0,0.0,10.0,0.0,0.0,0.0,0.0,0.0,2.0,0.0,2.0,0.0,>50K
1.0,0.0,175413.0,0.0,12.0,0.0,0.0,0.0,0.0,0.0,0.0,0.0,2.0,0.0,<=50K
4.0,0.0,173960.0,0.0,13.0,0.0,0.0,0.0,0.0,0.0,0.0,0.0,2.0,0.0,<=50K
0.0,0.0,205759.0,0.0,9.0,0.0,0.0,0.0,0.0,0.0,0.0,0.0,2.0,0.0,<=50K
4.0,0.0,425161.0,0.0,14.0,0.0,0.0,0.0,0.0,0.0,4.0,0.0,2.0,0.0,>50K
2.0,0.0,220531.0,0.0,15.0,0.0,0.0,0.0,0.0,0.0,0.0,0.0,3.0,0.0,>50K
3.0,0.0,176609.0,0.0,10.0,0.0,0.0,0.0,0.0,0.0,0.0,0.0,2.0,0.0,<=50K
0.0,0.0,371987.0,0.0,13.0,0.0,0.0,0.0,0.0,0.0,0.0,0.0,2.0,0.0,<=50K
3.0,0.0,193884.0,0.0,4.0,0.0,0.0,0.0,0.0,0.0,0.0,0.0,2.0,0.0,<=50K
2.0,0.0,200352.0,0.0,13.0,0.0,0.0,0.0,0.0,0.0,0.0,0.0,2.0,0.0,<=50K
1.0,0.0,127595.0,0.0,9.0,0.0,0.0,0.0,0.0,0.0,0.0,0.0,2.0,0.0,<=50K
1.0,0.0,220419.0,0.0,13.0,0.0,0.0,0.0,0.0,0.0,0.0,0.0,3.0,0.0,<=50K
0.0,0.0,231931.0,0.0,10.0,0.0,0.0,0.0,0.0,0.0,0.0,0.0,2.0,0.0,<=50K
1.0,0.0,248402.0,0.0,13.0,0.0,0.0,0.0,0.0,0.0,0.0,0.0,2.0,0.0,<=50K
4.0,0.0,111095.0,0.0,9.0,0.0,0.0,0.0,0.0,0.0,0.0,0.0,0.0,0.0,<=50K
2.0,0.0,57424.0,0.0,13.0,0.0,0.0,0.0,0.0,0.0,0.0,0.0,3.0,0.0,<=50K
2.0,0.0,157443.0,0.0,14.0,0.0,0.0,0.0,0.0,0.0,1.0,0.0,2.0,0.0,<=50K
0.0,0.0,278130.0,0.0,9.0,0.0,0.0,0.0,0.0,0.0,0.0,0.0,2.0,0.0,<=50K
2.0,0.0,169469.0,0.0,9.0,0.0,0.0,0.0,0.0,0.0,0.0,0.0,4.0,0.0,<=50K
3.0,0.0,146268.0,0.0,13.0,0.0,0.0,0.0,0.0,0.0,3.0,0.0,2.0,0.0,>50K
0.0,0.0,153718.0,0.0,10.0,0.0,0.0,0.0,0.0,0.0,0.0,0.0,1.0,0.0,<=50K
1.0,0.0,217460.0,0.0,9.0,0.0,0.0,0.0,0.0,0.0,0.0,0.0,2.0,0.0,>50K
3.0,0.0,238638.0,0.0,9.0,0.0,0.0,0.0,0.0,0.0,2.0,0.0,2.0,0.0,>50K
0.0,0.0,303296.0,0.0,10.0,0.0,0.0,0.0,0.0,0.0,0.0,0.0,2.0,0.0,<=50K
2.0,0.0,173321.0,0.0,9.0,0.0,0.0,0.0,0.0,0.0,0.0,0.0,2.0,0.0,<=50K
1.0,0.0,193945.0,0.0,12.0,0.0,0.0,0.0,0.0,0.0,0.0,0.0,2.0,0.0,<=50K
3.0,0.0,83082.0,0.0,12.0,0.0,0.0,0.0,0.0,0.0,0.0,0.0,1.0,0.0,<=50K
1.0,0.0,193815.0,0.0,12.0,0.0,0.0,0.0,0.0,0.0,0.0,0.0,2.0,0.0,>50K
2.0,0.0,34987.0,0.0,10.0,0.0,0.0,0.0,0.0,0.0,0.0,0.0,3.0,0.0,>50K
1.0,0.0,59306.0,0.0,13.0,0.0,0.0,0.0,0.0,0.0,0.0,0.0,2.0,0.0,<=50K
1.0,0.0,142897.0,0.0,14.0,0.0,0.0,0.0,0.0,0.0,2.0,0.0,1.0,0.0,>50K
0.0,0.0,860348.0,0.0,10.0,0.0,0.0,0.0,0.0,0.0,0.0,0.0,1.0,0.0,<=50K
2.0,0.0,205607.0,0.0,13.0,0.0,0.0,0.0,0.0,0.0,0.0,0.0,2.0,0.0,>50K
0.0,0.0,199698.0,0.0,10.0,0.0,0.0,0.0,0.0,0.0,0.0,0.0,0.0,0.0,<=50K
0.0,0.0,191954.0,0.0,10.0,0.0,0.0,0.0,0.0,0.0,0.0,0.0,2.0,0.0,<=50K
4.0,0.0,138714.0,0.0,10.0,0.0,0.0,0.0,0.0,0.0,0.0,0.0,2.0,0.0,<=50K
0.0,0.0,399087.0,0.0,3.0,0.0,0.0,0.0,0.0,0.0,0.0,0.0,2.0,0.0,<=50K
1.0,0.0,423158.0,0.0,10.0,0.0,0.0,0.0,0.0,0.0,0.0,0.0,2.0,0.0,<=50K
4.0,0.0,159841.0,0.0,9.0,0.0,0.0,0.0,0.0,0.0,0.0,0.0,1.0,0.0,<=50K
2.0,0.0,174308.0,0.0,9.0,0.0,0.0,0.0,0.0,0.0,0.0,0.0,2.0,0.0,<=50K
2.0,0.0,50356.0,0.0,10.0,0.0,0.0,0.0,0.0,0.0,0.0,1.0,3.0,0.0,<=50K
1.0,0.0,186110.0,0.0,9.0,0.0,0.0,0.0,0.0,0.0,0.0,0.0,2.0,0.0,<=50K
1.0,0.0,200381.0,0.0,7.0,0.0,0.0,0.0,0.0,0.0,0.0,0.0,2.0,0.0,<=50K
4.0,0.0,174309.0,0.0,14.0,0.0,0.0,0.0,0.0,0.0,0.0,0.0,0.0,0.0,<=50K
4.0,0.0,78383.0,0.0,9.0,0.0,0.0,0.0,0.0,0.0,0.0,0.0,2.0,0.0,<=50K
0.0,0.0,211601.0,0.0,11.0,0.0,0.0,0.0,0.0,0.0,0.0,0.0,0.0,0.0,<=50K
2.0,0.0,187728.0,0.0,10.0,0.0,0.0,0.0,0.0,0.0,0.0,2.0,3.0,0.0,>50K
4.0,0.0,321171.0,0.0,9.0,0.0,0.0,0.0,0.0,0.0,0.0,0.0,2.0,0.0,<=50K
4.0,0.0,127921.0,0.0,9.0,0.0,0.0,0.0,0.0,0.0,1.0,0.0,3.0,0.0,<=50K
2.0,0.0,206565.0,0.0,10.0,0.0,0.0,0.0,0.0,0.0,0.0,0.0,2.0,0.0,<=50K
1.0,0.0,224563.0,0.0,13.0,0.0,0.0,0.0,0.0,0.0,0.0,0.0,2.0,0.0,<=50K
3.0,0.0,178686.0,0.0,11.0,0.0,0.0,0.0,0.0,0.0,0.0,0.0,2.0,0.0,<=50K
3.0,0.0,98545.0,0.0,6.0,0.0,0.0,0.0,0.0,0.0,0.0,0.0,2.0,0.0,<=50K
3.0,0.0,242606.0,0.0,9.0,0.0,0.0,0.0,0.0,0.0,0.0,0.0,2.0,0.0,<=50K
0.0,0.0,270942.0,0.0,3.0,0.0,0.0,0.0,0.0,0.0,0.0,0.0,3.0,0.0,<=50K
1.0,0.0,94235.0,0.0,9.0,0.0,0.0,0.0,0.0,0.0,0.0,0.0,2.0,0.0,<=50K
3.0,0.0,71195.0,0.0,14.0,0.0,0.0,0.0,0.0,0.0,0.0,0.0,3.0,0.0,<=50K
0.0,0.0,104112.0,0.0,9.0,0.0,0.0,0.0,0.0,0.0,0.0,0.0,1.0,0.0,<=50K
2.0,0.0,261192.0,0.0,9.0,0.0,0.0,0.0,0.0,0.0,0.0,0.0,2.0,0.0,<=50K
1.0,0.0,94936.0,0.0,12.0,0.0,0.0,0.0,0.0,0.0,0.0,0.0,2.0,0.0,<=50K
2.0,0.0,296478.0,0.0,11.0,0.0,0.0,0.0,0.0,0.0,2.0,0.0,2.0,0.0,>50K
2.0,0.0,119272.0,0.0,9.0,0.0,0.0,0.0,0.0,0.0,2.0,0.0,2.0,0.0,>50K
1.0,0.0,85043.0,0.0,9.0,0.0,0.0,0.0,0.0,0.0,0.0,0.0,0.0,0.0,<=50K
0.0,0.0,293364.0,0.0,10.0,0.0,0.0,0.0,0.0,0.0,0.0,0.0,2.0,0.0,<=50K
2.0,0.0,241895.0,0.0,13.0,0.0,0.0,0.0,0.0,0.0,0.0,0.0,2.0,0.0,<=50K
4.0,0.0,36135.0,0.0,7.0,0.0,0.0,0.0,0.0,0.0,0.0,0.0,0.0,0.0,<=50K
1.0,0.0,151989.0,0.0,11.0,0.0,0.0,0.0,0.0,0.0,0.0,0.0,2.0,0.0,<=50K
4.0,0.0,101128.0,0.0,12.0,0.0,0.0,0.0,0.0,0.0,0.0,0.0,1.0,0.0,<=50K
1.0,0.0,156464.0,0.0,13.0,0.0,0.0,0.0,0.0,0.0,0.0,0.0,1.0,0.0,<=50K
1.0,0.0,117963.0,0.0,13.0,0.0,0.0,0.0,0.0,0.0,0.0,0.0,2.0,0.0,>50K
1.0,0.0,192262.0,0.0,9.0,0.0,0.0,0.0,0.0,0.0,0.0,0.0,2.0,0.0,<=50K
1.0,0.0,111363.0,0.0,13.0,0.0,0.0,0.0,0.0,0.0,0.0,0.0,2.0,0.0,>50K
3.0,0.0,329752.0,0.0,7.0,0.0,0.0,0.0,0.0,0.0,0.0,0.0,1.0,0.0,<=50K
4.0,0.0,372020.0,0.0,13.0,0.0,0.0,0.0,0.0,0.0,0.0,0.0,2.0,0.0,>50K
2.0,0.0,95432.0,0.0,9.0,0.0,0.0,0.0,0.0,0.0,0.0,0.0,2.0,0.0,>50K
4.0,0.0,161400.0,0.0,7.0,0.0,0.0,0.0,0.0,0.0,0.0,0.0,2.0,0.0,<=50K
2.0,0.0,96129.0,0.0,11.0,0.0,0.0,0.0,0.0,0.0,0.0,0.0,2.0,0.0,>50K
2.0,0.0,111949.0,0.0,9.0,0.0,0.0,0.0,0.0,0.0,0.0,0.0,1.0,0.0,<=50K
1.0,0.0,117125.0,0.0,5.0,0.0,0.0,0.0,0.0,0.0,0.0,0.0,2.0,0.0,<=50K
2.0,0.0,348022.0,0.0,6.0,0.0,0.0,0.0,0.0,0.0,0.0,0.0,1.0,0.0,<=50K
4.0,0.0,270092.0,0.0,14.0,0.0,0.0,0.0,0.0,0.0,0.0,0.0,2.0,0.0,>50K
2.0,0.0,180609.0,0.0,13.0,0.0,0.0,0.0,0.0,0.0,0.0,0.0,2.0,0.0,<=50K
2.0,0.0,174575.0,0.0,13.0,0.0,0.0,0.0,0.0,0.0,0.0,1.0,2.0,0.0,>50K
0.0,0.0,410439.0,0.0,9.0,0.0,0.0,0.0,0.0,0.0,0.0,0.0,3.0,0.0,<=50K
1.0,0.0,92262.0,0.0,9.0,0.0,0.0,0.0,0.0,0.0,0.0,0.0,2.0,0.0,<=50K
4.0,0.0,183081.0,0.0,10.0,0.0,0.0,0.0,0.0,0.0,0.0,0.0,2.0,0.0,<=50K
0.0,0.0,362589.0,0.0,12.0,0.0,0.0,0.0,0.0,0.0,0.0,0.0,0.0,0.0,<=50K
4.0,0.0,212448.0,0.0,13.0,0.0,0.0,0.0,0.0,0.0,0.0,0.0,2.0,0.0,>50K
2.0,0.0,481060.0,0.0,9.0,0.0,0.0,0.0,0.0,0.0,0.0,0.0,2.0,0.0,<=50K
1.0,0.0,185885.0,0.0,10.0,0.0,0.0,0.0,0.0,0.0,0.0,0.0,0.0,0.0,<=50K
0.0,0.0,89821.0,0.0,7.0,0.0,0.0,0.0,0.0,0.0,0.0,0.0,0.0,0.0,<=50K
2.0,0.0,184018.0,0.0,11.0,0.0,0.0,0.0,0.0,0.0,0.0,0.0,2.0,0.0,>50K
2.0,0.0,256649.0,0.0,9.0,0.0,0.0,0.0,0.0,0.0,0.0,0.0,2.0,0.0,<=50K
2.0,0.0,160323.0,0.0,9.0,0.0,0.0,0.0,0.0,0.0,0.0,0.0,2.0,0.0,<=50K
0.0,0.0,350845.0,0.0,10.0,0.0,0.0,0.0,0.0,0.0,0.0,0.0,0.0,0.0,<=50K
1.0,0.0,267404.0,0.0,9.0,0.0,0.0,0.0,0.0,0.0,0.0,0.0,2.0,0.0,<=50K
0.0,0.0,35633.0,0.0,10.0,0.0,0.0,0.0,0.0,0.0,0.0,0.0,2.0,0.0,<=50K
3.0,0.0,80914.0,0.0,14.0,0.0,0.0,0.0,0.0,0.0,0.0,0.0,1.0,0.0,<=50K
2.0,0.0,172927.0,0.0,9.0,0.0,0.0,0.0,0.0,0.0,0.0,0.0,3.0,0.0,<=50K
3.0,0.0,174319.0,0.0,9.0,0.0,0.0,0.0,0.0,0.0,0.0,0.0,2.0,0.0,<=50K
3.0,0.0,214955.0,0.0,3.0,0.0,0.0,0.0,0.0,0.0,0.0,4.0,2.0,0.0,<=50K
0.0,0.0,344991.0,0.0,10.0,0.0,0.0,0.0,0.0,0.0,0.0,0.0,2.0,0.0,<=50K
3.0,0.0,108699.0,0.0,10.0,0.0,0.0,0.0,0.0,0.0,0.0,0.0,2.0,0.0,<=50K
2.0,0.0,117312.0,0.0,10.0,0.0,0.0,0.0,0.0,0.0,0.0,0.0,2.0,0.0,<=50K
0.0,0.0,396099.0,0.0,9.0,0.0,0.0,0.0,0.0,0.0,0.0,0.0,1.0,0.0,<=50K
1.0,0.0,134152.0,0.0,9.0,0.0,0.0,0.0,0.0,0.0,0.0,0.0,2.0,0.0,<=50K
2.0,0.0,162028.0,0.0,10.0,0.0,0.0,0.0,0.0,0.0,0.0,4.0,0.0,0.0,>50K
0.0,0.0,25429.0,0.0,10.0,0.0,0.0,0.0,0.0,0.0,0.0,0.0,0.0,0.0,<=50K
0.0,0.0,232392.0,0.0,9.0,0.0,0.0,0.0,0.0,0.0,0.0,0.0,2.0,0.0,<=50K
1.0,0.0,220098.0,0.0,9.0,0.0,0.0,0.0,0.0,0.0,0.0,0.0,2.0,0.0,>50K
1.0,0.0,301302.0,0.0,13.0,0.0,0.0,0.0,0.0,0.0,0.0,0.0,3.0,0.0,<=50K
3.0,0.0,277946.0,0.0,12.0,0.0,0.0,0.0,0.0,0.0,0.0,0.0,2.0,0.0,<=50K
1.0,0.0,98101.0,0.0,13.0,0.0,0.0,0.0,0.0,0.0,3.0,0.0,2.0,0.0,>50K
1.0,0.0,196164.0,0.0,9.0,0.0,0.0,0.0,0.0,0.0,0.0,0.0,1.0,0.0,<=50K
2.0,0.0,115562.0,0.0,10.0,0.0,0.0,0.0,0.0,0.0,0.0,0.0,2.0,0.0,<=50K
2.0,0.0,96975.0,0.0,10.0,0.0,0.0,0.0,0.0,0.0,0.0,0.0,2.0,0.0,<=50K
0.0,0.0,137300.0,0.0,9.0,0.0,0.0,0.0,0.0,0.0,0.0,0.0,1.0,0.0,<=50K
0.0,0.0,86872.0,0.0,13.0,0.0,0.0,0.0,0.0,0.0,0.0,0.0,3.0,0.0,>50K
3.0,0.0,132178.0,0.0,13.0,0.0,0.0,0.0,0.0,0.0,0.0,0.0,3.0,0.0,>50K
0.0,0.0,416103.0,0.0,10.0,0.0,0.0,0.0,0.0,0.0,0.0,0.0,2.0,0.0,<=50K
1.0,0.0,108574.0,0.0,10.0,0.0,0.0,0.0,0.0,0.0,0.0,0.0,2.0,0.0,<=50K
3.0,0.0,288353.0,0.0,13.0,0.0,0.0,0.0,0.0,0.0,0.0,0.0,2.0,0.0,>50K
1.0,0.0,227689.0,0.0,11.0,0.0,0.0,0.0,0.0,0.0,0.0,0.0,4.0,0.0,<=50K
1.0,0.0,166481.0,0.0,4.0,0.0,0.0,0.0,0.0,0.0,0.0,3.0,2.0,0.0,<=50K
2.0,0.0,445382.0,0.0,14.0,0.0,0.0,0.0,0.0,0.0,0.0,3.0,4.0,0.0,>50K
1.0,0.0,110145.0,0.0,9.0,0.0,0.0,0.0,0.0,0.0,0.0,0.0,2.0,0.0,<=50K
3.0,0.0,317253.0,0.0,9.0,0.0,0.0,0.0,0.0,0.0,0.0,0.0,1.0,0.0,<=50K
1.0,0.0,123147.0,0.0,10.0,0.0,0.0,0.0,0.0,0.0,0.0,2.0,2.0,0.0,>50K
1.0,0.0,364657.0,0.0,10.0,0.0,0.0,0.0,0.0,0.0,0.0,0.0,3.0,0.0,<=50K
2.0,0.0,42346.0,0.0,10.0,0.0,0.0,0.0,0.0,0.0,0.0,0.0,1.0,0.0,<=50K
0.0,0.0,241951.0,0.0,9.0,0.0,0.0,0.0,0.0,0.0,0.0,0.0,2.0,0.0,<=50K
1.0,0.0,118500.0,0.0,10.0,0.0,0.0,0.0,0.0,0.0,0.0,0.0,2.0,0.0,<=50K
3.0,0.0,188386.0,0.0,16.0,0.0,0.0,0.0,0.0,0.0,4.0,0.0,3.0,0.0,>50K
1.0,0.0,1033222.0,0.0,10.0,0.0,0.0,0.0,0.0,0.0,0.0,0.0,2.0,0.0,<=50K
1.0,0.0,92440.0,0.0,8.0,0.0,0.0,0.0,0.0,0.0,0.0,0.0,3.0,0.0,>50K
3.0,0.0,190762.0,0.0,2.0,0.0,0.0,0.0,0.0,0.0,0.0,0.0,2.0,0.0,<=50K
1.0,0.0,426017.0,0.0,7.0,0.0,0.0,0.0,0.0,0.0,0.0,0.0,0.0,0.0,<=50K
1.0,0.0,243867.0,0.0,7.0,0.0,0.0,0.0,0.0,0.0,0.0,0.0,2.0,0.0,<=50K
1.0,0.0,240283.0,0.0,9.0,0.0,0.0,0.0,0.0,0.0,0.0,0.0,2.0,0.0,<=50K
0.0,0.0,61777.0,0.0,10.0,0.0,0.0,0.0,0.0,0.0,0.0,0.0,1.0,0.0,<=50K
0.0,0.0,175024.0,0.0,7.0,0.0,0.0,0.0,0.0,0.0,1.0,0.0,0.0,0.0,<=50K
1.0,0.0,92003.0,0.0,13.0,0.0,0.0,0.0,0.0,0.0,0.0,0.0,2.0,0.0,>50K
1.0,0.0,188401.0,0.0,9.0,0.0,0.0,0.0,0.0,0.0,0.0,0.0,2.0,0.0,<=50K
1.0,0.0,228528.0,0.0,6.0,0.0,0.0,0.0,0.0,0.0,0.0,0.0,1.0,0.0,<=50K
0.0,0.0,133373.0,0.0,9.0,0.0,0.0,0.0,0.0,0.0,0.0,0.0,3.0,0.0,<=50K
2.0,0.0,255191.0,0.0,14.0,0.0,0.0,0.0,0.0,0.0,0.0,1.0,2.0,0.0,<=50K
0.0,0.0,204653.0,0.0,9.0,0.0,0.0,0.0,0.0,0.0,0.0,0.0,4.0,0.0,<=50K
4.0,0.0,222289.0,0.0,9.0,0.0,0.0,0.0,0.0,0.0,0.0,0.0,2.0,0.0,>50K
3.0,0.0,287480.0,0.0,14.0,0.0,0.0,0.0,0.0,0.0,0.0,0.0,2.0,0.0,<=50K
4.0,0.0,107762.0,0.0,9.0,0.0,0.0,0.0,0.0,0.0,0.0,0.0,1.0,0.0,<=50K
0.0,0.0,202521.0,0.0,7.0,0.0,0.0,0.0,0.0,0.0,0.0,0.0,2.0,0.0,<=50K
2.0,0.0,204116.0,0.0,13.0,0.0,0.0,0.0,0.0,0.0,1.0,0.0,2.0,0.0,<=50K
1.0,0.0,29662.0,0.0,12.0,0.0,0.0,0.0,0.0,0.0,0.0,0.0,1.0,0.0,>50K
1.0,0.0,116358.0,0.0,10.0,0.0,0.0,0.0,0.0,0.0,0.0,3.0,2.0,0.0,<=50K
1.0,0.0,208405.0,0.0,14.0,0.0,0.0,0.0,0.0,0.0,0.0,0.0,3.0,0.0,>50K
1.0,0.0,284843.0,0.0,9.0,0.0,0.0,0.0,0.0,0.0,1.0,0.0,3.0,0.0,<=50K
1.0,0.0,117018.0,0.0,10.0,0.0,0.0,0.0,0.0,0.0,0.0,0.0,2.0,0.0,<=50K
0.0,0.0,81281.0,0.0,10.0,0.0,0.0,0.0,0.0,0.0,0.0,0.0,2.0,0.0,<=50K
2.0,0.0,340148.0,0.0,10.0,0.0,0.0,0.0,0.0,0.0,0.0,0.0,2.0,0.0,<=50K
1.0,0.0,363425.0,0.0,13.0,0.0,0.0,0.0,0.0,0.0,0.0,0.0,2.0,0.0,<=50K
2.0,0.0,45857.0,0.0,9.0,0.0,0.0,0.0,0.0,0.0,0.0,0.0,1.0,0.0,<=50K
0.0,0.0,191073.0,0.0,9.0,0.0,0.0,0.0,0.0,0.0,0.0,0.0,2.0,0.0,<=50K
2.0,0.0,116632.0,0.0,10.0,0.0,0.0,0.0,0.0,0.0,0.0,0.0,2.0,0.0,>50K
1.0,0.0,405855.0,0.0,5.0,0.0,0.0,0.0,0.0,0.0,0.0,0.0,2.0,0.0,<=50K
0.0,0.0,298227.0,0.0,10.0,0.0,0.0,0.0,0.0,0.0,0.0,0.0,1.0,0.0,<=50K
2.0,0.0,290521.0,0.0,9.0,0.0,0.0,0.0,0.0,0.0,0.0,0.0,2.0,0.0,<=50K
3.0,0.0,56915.0,0.0,9.0,0.0,0.0,0.0,0.0,0.0,0.0,0.0,2.0,0.0,<=50K
0.0,0.0,146538.0,0.0,9.0,0.0,0.0,0.0,0.0,0.0,0.0,0.0,2.0,0.0,<=50K
0.0,0.0,258872.0,0.0,7.0,0.0,0.0,0.0,0.0,0.0,0.0,0.0,0.0,0.0,<=50K
0.0,0.0,206399.0,0.0,9.0,0.0,0.0,0.0,0.0,0.0,0.0,0.0,2.0,0.0,<=50K
2.0,0.0,197332.0,0.0,10.0,0.0,0.0,0.0,0.0,0.0,0.0,0.0,3.0,0.0,>50K
4.0,0.0,245062.0,0.0,9.0,0.0,0.0,0.0,0.0,0.0,0.0,0.0,2.0,0.0,>50K
2.0,0.0,197583.0,0.0,12.0,0.0,0.0,0.0,0.0,0.0,0.0,0.0,2.0,0.0,>50K
2.0,0.0,234885.0,0.0,9.0,0.0,0.0,0.0,0.0,0.0,0.0,0.0,2.0,0.0,>50K
2.0,0.0,72887.0,0.0,11.0,0.0,0.0,0.0,0.0,0.0,0.0,0.0,2.0,0.0,>50K
1.0,0.0,180374.0,0.0,9.0,0.0,0.0,0.0,0.0,0.0,0.0,0.0,2.0,0.0,<=50K
2.0,0.0,351299.0,0.0,10.0,0.0,0.0,0.0,0.0,0.0,0.0,0.0,3.0,0.0,<=50K
0.0,0.0,54012.0,0.0,9.0,0.0,0.0,0.0,0.0,0.0,0.0,0.0,3.0,0.0,<=50K
1.0,0.0,115745.0,0.0,10.0,0.0,0.0,0.0,0.0,0.0,0.0,0.0,2.0,0.0,<=50K
2.0,0.0,116632.0,0.0,12.0,0.0,0.0,0.0,0.0,0.0,0.0,0.0,2.0,0.0,<=50K
3.0,0.0,288825.0,0.0,9.0,0.0,0.0,0.0,0.0,0.0,0.0,0.0,2.0,0.0,<=50K
1.0,0.0,132601.0,0.0,13.0,0.0,0.0,0.0,0.0,0.0,0.0,0.0,3.0,0.0,<=50K
3.0,0.0,193374.0,0.0,2.0,0.0,0.0,0.0,0.0,0.0,0.0,0.0,2.0,0.0,<=50K
0.0,0.0,170070.0,0.0,13.0,0.0,0.0,0.0,0.0,0.0,0.0,0.0,0.0,0.0,<=50K
2.0,0.0,126708.0,0.0,9.0,0.0,0.0,0.0,0.0,0.0,0.0,0.0,3.0,0.0,<=50K
3.0,0.0,35598.0,0.0,9.0,0.0,0.0,0.0,0.0,0.0,0.0,0.0,2.0,0.0,<=50K
2.0,0.0,33983.0,0.0,10.0,0.0,0.0,0.0,0.0,0.0,0.0,0.0,2.0,0.0,<=50K
3.0,0.0,192776.0,0.0,14.0,0.0,0.0,0.0,0.0,0.0,0.0,3.0,2.0,0.0,>50K
1.0,0.0,118551.0,0.0,13.0,0.0,0.0,0.0,0.0,0.0,0.0,0.0,0.0,0.0,>50K
4.0,0.0,201965.0,0.0,10.0,0.0,0.0,0.0,0.0,0.0,0.0,0.0,2.0,0.0,>50K
0.0,0.0,139883.0,0.0,10.0,0.0,0.0,0.0,0.0,0.0,0.0,0.0,2.0,0.0,<=50K
1.0,0.0,285020.0,0.0,9.0,0.0,0.0,0.0,0.0,0.0,0.0,0.0,2.0,0.0,<=50K
1.0,0.0,303990.0,0.0,9.0,0.0,0.0,0.0,0.0,0.0,0.0,0.0,3.0,0.0,<=50K
4.0,0.0,49401.0,0.0,11.0,0.0,0.0,0.0,0.0,0.0,0.0,0.0,1.0,0.0,<=50K
3.0,0.0,279196.0,0.0,13.0,0.0,0.0,0.0,0.0,0.0,0.0,0.0,2.0,0.0,<=50K
0.0,0.0,211870.0,0.0,5.0,0.0,0.0,0.0,0.0,0.0,0.0,0.0,0.0,0.0,<=50K
0.0,0.0,281432.0,0.0,10.0,0.0,0.0,0.0,0.0,0.0,0.0,0.0,1.0,0.0,<=50K
1.0,0.0,161155.0,0.0,6.0,0.0,0.0,0.0,0.0,0.0,0.0,0.0,2.0,0.0,<=50K
0.0,0.0,197904.0,0.0,9.0,0.0,0.0,0.0,0.0,0.0,0.0,0.0,1.0,0.0,<=50K
1.0,0.0,111746.0,0.0,12.0,0.0,0.0,0.0,0.0,0.0,0.0,0.0,2.0,0.0,<=50K
2.0,0.0,170721.0,0.0,10.0,0.0,0.0,0.0,0.0,0.0,0.0,0.0,0.0,0.0,<=50K
1.0,0.0,70100.0,0.0,13.0,0.0,0.0,0.0,0.0,0.0,0.0,0.0,0.0,0.0,<=50K
2.0,0.0,193626.0,0.0,9.0,0.0,0.0,0.0,0.0,0.0,0.0,0.0,2.0,0.0,<=50K
3.0,0.0,271749.0,0.0,8.0,0.0,0.0,0.0,0.0,0.0,1.0,0.0,2.0,0.0,<=50K
0.0,0.0,189775.0,0.0,10.0,0.0,0.0,0.0,0.0,0.0,0.0,0.0,0.0,0.0,<=50K
4.0,0.0,401531.0,0.0,2.0,0.0,0.0,0.0,0.0,0.0,0.0,0.0,1.0,0.0,<=50K
4.0,0.0,286967.0,0.0,9.0,0.0,0.0,0.0,0.0,0.0,0.0,0.0,2.0,0.0,<=50K
2.0,0.0,164427.0,0.0,13.0,0.0,0.0,0.0,0.0,0.0,0.0,0.0,2.0,0.0,<=50K
2.0,0.0,91039.0,0.0,13.0,0.0,0.0,0.0,0.0,0.0,4.0,0.0,3.0,0.0,>50K
2.0,0.0,347934.0,0.0,9.0,0.0,0.0,0.0,0.0,0.0,0.0,0.0,1.0,0.0,<=50K
3.0,0.0,371373.0,0.0,9.0,0.0,0.0,0.0,0.0,0.0,0.0,0.0,2.0,0.0,<=50K
1.0,0.0,32220.0,0.0,12.0,0.0,0.0,0.0,0.0,0.0,0.0,0.0,3.0,0.0,<=50K
1.0,0.0,187251.0,0.0,9.0,0.0,0.0,0.0,0.0,0.0,0.0,0.0,1.0,0.0,<=50K
1.0,0.0,178107.0,0.0,13.0,0.0,0.0,0.0,0.0,0.0,0.0,0.0,0.0,0.0,<=50K
2.0,0.0,343121.0,0.0,9.0,0.0,0.0,0.0,0.0,0.0,0.0,0.0,2.0,0.0,<=50K
0.0,0.0,262749.0,0.0,10.0,0.0,0.0,0.0,0.0,0.0,0.0,0.0,2.0,0.0,<=50K
0.0,0.0,403107.0,0.0,3.0,0.0,0.0,0.0,0.0,0.0,0.0,0.0,2.0,0.0,<=50K
1.0,0.0,64293.0,0.0,10.0,0.0,0.0,0.0,0.0,0.0,0.0,0.0,1.0,0.0,<=50K
4.0,0.0,303588.0,0.0,9.0,0.0,0.0,0.0,0.0,0.0,0.0,0.0,0.0,0.0,<=50K
0.0,0.0,324960.0,0.0,9.0,0.0,0.0,0.0,0.0,0.0,0.0,0.0,2.0,0.0,<=50K
4.0,0.0,114060.0,0.0,9.0,0.0,0.0,0.0,0.0,0.0,0.0,0.0,2.0,0.0,<=50K
3.0,0.0,48925.0,0.0,10.0,0.0,0.0,0.0,0.0,0.0,0.0,0.0,2.0,0.0,<=50K
4.0,0.0,180980.0,0.0,10.0,0.0,0.0,0.0,0.0,0.0,0.0,0.0,2.0,0.0,<=50K
0.0,0.0,181054.0,0.0,13.0,0.0,0.0,0.0,0.0,0.0,0.0,0.0,2.0,0.0,<=50K
0.0,0.0,388093.0,0.0,13.0,0.0,0.0,0.0,0.0,0.0,0.0,0.0,2.0,0.0,<=50K
0.0,0.0,249609.0,0.0,10.0,0.0,0.0,0.0,0.0,0.0,0.0,0.0,0.0,0.0,<=50K
2.0,0.0,112131.0,0.0,10.0,0.0,0.0,0.0,0.0,0.0,0.0,0.0,2.0,0.0,<=50K
3.0,0.0,543162.0,0.0,9.0,0.0,0.0,0.0,0.0,0.0,0.0,0.0,2.0,0.0,<=50K
2.0,0.0,91996.0,0.0,9.0,0.0,0.0,0.0,0.0,0.0,0.0,0.0,2.0,0.0,<=50K
3.0,0.0,141944.0,0.0,11.0,0.0,0.0,0.0,0.0,0.0,0.0,1.0,2.0,0.0,<=50K
3.0,0.0,251804.0,0.0,3.0,0.0,0.0,0.0,0.0,0.0,0.0,0.0,1.0,0.0,<=50K
